Workbook

Sheet AUGUST
D1: LOBBY ENTERPRISES
B2: PROPERTY MANAGERS AND ESTATE AGENTS
B3: 46266
L4: P.O.BOX 11987
L5: TEL : 0722711933/4454322
B6: EUTOPIA APARTMENT | K6: Care taker | L6: MARTIN | N6: ASPEL
K7: Phone no | L7: 0714495635 | N7: 0700036034
B9: HSE NO | C9: NAME | D9: PHONE NO | E9: DEPOSIT PAID | F9: MONTHLY RENT | G9: WATER | H9: GARBAGE | I9: BAL B/D | J9: RENT DUE | K9: RENT PAID | L9: RCT NO | M9: DATE | N9: PERIOD | O9: BALANCE | P9: STATUS
A10: 1ST FLOOR | B10: 11 | C10: CHRISTINE NJERI | D10: 0794656926 | E10: =25000+2000 -> 27000 | F10: 10000 | G10: 0 | I10: 0 | J10: =E10+F10+G10+H10+I10 -> 37000 | K10: =37000 -> 37000 | L10: UHIL434J26 | M10: 46252 | N10: AUGUST | O10: =J10-K10 -> 0
B11: 12 | C11: JOYELSIE WANGARI | D11: 0718907311 | E11: =35000+2000 -> 37000 | G11: 0 | I11: 0 | J11: =E11+F11+G11+H11+I11 -> 37000 | K11: =20000+72000 -> 92000 | L11: UH75F2EUG6/ UH8202858X7 | M11: 8/7/2026/ 8/10/2026 | N11: AUGUST | O11: =J11-K11 -> -55000
B12: 13 | C12: FRED ONYANGO | D12: 0700233292 | E12: 37000 | G12: 0 | I12: 0 | J12: =E12+F12+G12+H12+I12 -> 37000 | K12: =5000 -> 5000 | L12: UGN3M157HC | M12: 46226 | N12: AUGUST | O12: =J12-K12 -> 32000 | P12: BOOKING FOR OCT
B13: 14 | C13: NICHOLAS BAHATI | D13: 0719 761013 | E13: =35000+2000 -> 37000 | G13: 0 | I13: 0 | J13: =E13+F13+G13+H13+I13 -> 37000 | K13: =50000 -> 50000 | L13: UHJQY3N2M8 | M13: 46253 | N13: AUGUST | O13: =J13-K13 -> -13000
B14: 15 | C14: MERCY ADHIAMBO | D14: 0724826455 | E14: =35000+2000 -> 37000 | F14: 35000 | G14: 0 | I14: 0 | J14: =E14+F14+G14+H14+I14 -> 72000 | K14: =72200 -> 72200 | L14: UGU431ERRP | M14: 46233 | N14: AUGUST | O14: =J14-K14 -> -200
B15: 16 | C15: MILKA NECHESA | D15: 0757021111 | E15: =35000+2000 -> 37000 | F15: 35000 | G15: 0 | I15: 0 | J15: =E15+F15+G15+H15+I15 -> 72000 | K15: =72000 -> 72000 | L15: UGB5OAXKJB | M15: 46214 | N15: AUGUST | O15: =J15-K15 -> 0
B16: 17 | C16: STELLA WAMBUGU | E16: =35000+2000 -> 37000 | G16: 0 | I16: 0 | J16: =E16+F16+G16+H16+I16 -> 37000 | K16: =15000 -> 15000 | L16: UGK9W06NZB | M16: 46223 | N16: AUGUST | O16: =J16-K16 -> 22000 | P16: BOOKING FOR OCT
B17: 18 | C17: ERHALIE BRIAN | D17: 0726360843 | E17: =37000+2000 -> 39000 | F17: 37000 | G17: 0 | I17: 0 | J17: =E17+F17+G17+H17+I17 -> 76000 | K17: 76000 | L17: UH3C51P4KD | M17: 46237 | N17: AUGUST | O17: =J17-K17 -> 0
A18: 2ND FLOOR | B18: 21 | C18: ISAAC MEROKA | D18: 0722518863 | E18: =25000+2000 -> 27000 | G18: 0 | I18: 0 | J18: =E18+F18+G18+H18+I18 -> 27000 | K18: 52000 | L18: UHLKA3R75T | M18: 46255 | N18: AUGUST | O18: =J18-K18 -> -25000
B19: 22 | C19: EMMANUEL KIBIWOTT | D19: 0720812250 | E19: =35000+2000 -> 37000 | F19: 35000 | G19: 0 | I19: 0 | J19: =E19+F19+G19+H19+I19 -> 72000 | K19: =42000+35000 -> 77000 | L19: UGU8J14173/UI38J571Q2 | M19: 7/30/2026/ 9/3/2026 | N19: AUGUST | O19: =J19-K19 -> -5000
B20: 23 | C20: ELIANE KUTU NZOKA | D20: 0711 540100 | E20: =35000+2000 -> 37000 | G20: 0 | I20: 0 | J20: =E20+F20+G20+H20+I20 -> 37000 | K20: =3000+35000+34000 -> 72000 | L20: UGP5M0KQ6Z/ UHM5M3X07Y/ UHT5M4ORMG | M20: 7/25/2026/ 8/25/2026/ 8/29/2026 | N20: AUGUST | O20: =J20-K20 -> -35000
B21: 24 | C21: VACANT | I21: 0 | J21: =E21+F21+G21+H21+I21 -> 0 | N21: AUGUST | O21: =J21-K21 -> 0
B22: 25 | C22: EUGENE SOITA | D22: 0799067590 | E22: =35000+2000 -> 37000 | F22: 35000 | G22: 0 | I22: 0 | J22: =E22+F22+G22+H22+I22 -> 72000 | K22: =10000+10000+52000 -> 72000 | L22: UGTC41I2AL/UGUC41J4DT/UH3C4241VM | M22: 7/29/2026 / 7/30/2026 / 8/4/2026 | N22: AUGUST | O22: =J22-K22 -> 0
A23: . | B23: 26 | C23: ABRAHAM POPOOLA | D23: 0718059969 | E23: =35000+2000 -> 37000 | F23: 35000 | G23: 0 | I23: 0 | J23: =E23+F23+G23+H23+I23 -> 72000 | K23: =15000+20000+10000+7000+20000 -> 72000 | L23: UG9QLARYCV/ UGBJQAC3YB/ UGGJQAV7M2/ UGIQB5W5W/6645 | M23: 7/9/2026/ 7/16/2026/ 7/20/2026/3RD JULY | N23: AUGUST | O23: =J23-K23 -> 0
B24: 27 | C24: KENNEDY ODHIAMBO | D24: 0748872560 | E24: =35000+2000 -> 37000 | F24: 35000 | G24: 0 | I24: 0 | J24: =E24+F24+G24+H24+I24 -> 72000 | K24: =72000 -> 72000 | L24: UGB34B3FKI | M24: 46214 | N24: AUGUST | O24: =J24-K24 -> 0
B25: 28 | C25: VACANT | G25: 0 | I25: 0 | J25: =E25+F25+G25+H25+I25 -> 0 | N25: AUGUST | O25: =J25-K25 -> 0
A26: 3RD FLOOR | B26: 31 | N26: AUGUST | O26: =J26-K26 -> 0
B27: 32 | N27: AUGUST | O27: =J27-K27 -> 0
B28: 33 | N28: AUGUST | O28: =J28-K28 -> 0
B29: 34 | N29: AUGUST | O29: =J29-K29 -> 0
B30: 35 | N30: AUGUST | O30: =J30-K30 -> 0
B31: 36 | N31: AUGUST | O31: =J31-K31 -> 0
B32: 37 | N32: AUGUST | O32: =J32-K32 -> 0
B33: 38 | N33: AUGUST | O33: =J33-K33 -> 0
B34: Totals | E34: =SUM(E10:E33) -> 500000 | F34: =SUM(F10:F33) -> 257000 | G34: =SUM(G10:G33) -> 0 | H34: =SUM(H10:H33) -> 0 | I34: =SUM(I10:I33) -> 0 | J34: =SUM(J10:J33) -> 757000 | K34: =SUM(K10:K33) -> 836200 | O34: =SUM(O10:O33) -> -79200
B35: Deductions
B36: Less Management fees | K36: =5%*K34 -> 41810
B37: TOTAL DEDUCTIONS | K37: =SUM(K36:K36) -> 41810
B38: BAL B/F | L38: Cash deposited | N38: Paid | O38: Balance
B39: AMOUNT DUE | K39: =K37 -> 41810 | O39: =K39+K38-L39-N39 -> 41810
B40: AUTHORISED BY JOSEPH GITHINJI | O40: 46265

Sheet SEPTEMBER
C1: LOBBY ENTERPRISES
A2: PROPERTY MANAGERS AND ESTATE AGENTS
A3: SEPTEMBER 2026
K4: P.O.BOX 11987
K5: TEL : 0722711933/4454322
A6: EUTOPIA APARTMENT | J6: Care taker | K6: MARTIN | M6: ASPEL
J7: Phone no | K7: 0714495635 | M7: 0700036034
A9: HSE NO | B9: NAME | C9: PHONE NO | D9: DEPOSIT PAID | E9: MONTHLY RENT | F9: WATER | G9: GARBAGE | H9: BAL B/D | I9: RENT DUE | J9: RENT PAID | K9: RCT NO | L9: DATE | M9: PERIOD | N9: BALANCE | O9: STATUS
A10: 11 | B10: CHRISTINE NJERI | C10: 0794656926 | E10: 25000 | F10: 750 | G10: 200 | H10: =AUGUST!O10 -> 0 | I10: =D10+E10+F10+G10+H10 -> 25950 | J10: =25000 -> 25000 | K10: UI3L44ZO9N | L10: 05-09-2026 | M10: SEPTEMBER | N10: =I10-J10 -> 950
A11: 12 | B11: JOYELSIE WANGARI | C11: 0718907311 | E11: 35000 | F11: 300 | G11: 200 | H11: =AUGUST!O11 -> -55000 | I11: =D11+E11+F11+G11+H11 -> -19500 | M11: SEPTEMBER | N11: =I11-J11 -> -19500
A12: 13 | B12: FRED ONYANGO | C12: 0700233292 | E12: 35000 | F12: 450 | G12: 200 | H12: =AUGUST!O12 -> 32000 | I12: =D12+E12+F12+G12+H12 -> 67650 | J12: =2000+65000 -> 67000 | K12: UI3CU4MCDDI/UI3CU4MEVB | L12: 03-09-2026 | M12: SEPTEMBER | N12: =I12-J12 -> 650
A13: 14 | B13: NICHOLAS BAHATI | C13: 0719 761013 | E13: 35000 | F13: 600 | G13: 200 | H13: =AUGUST!O13 -> -13000 | I13: =D13+E13+F13+G13+H13 -> 22800 | J13: =35800 -> 35800 | K13: UI5QY5MKED | L13: 46270 | M13: SEPTEMBER | N13: =I13-J13 -> -13000
A14: 15 | B14: MERCY ADHIAMBO | C14: 0724826455 | E14: 35000 | F14: 3300 | G14: 200 | H14: =AUGUST!O14 -> -200 | I14: =D14+E14+F14+G14+H14 -> 38300 | J14: =35000 -> 35000 | K14: UI5435TQ9E | L14: 46270 | M14: SEPTEMBER | N14: =I14-J14 -> 3300
A15: 16 | B15: MILKA NECHESA | C15: 0757021111 | E15: 35000 | F15: 900 | G15: 200 | H15: =AUGUST!O15 -> 0 | I15: =D15+E15+F15+G15+H15 -> 36100 | J15: 36100 | K15: UI45O5A1P4 | L15: 4TH SEPT | M15: SEPTEMBER | N15: =I15-J15 -> 0
A16: 17 | B16: VACANT | E16: 0 | F16: 0 | I16: =D16+E16+F16+G16+H16 -> 0 | M16: SEPTEMBER | N16: =I16-J16 -> 0
A17: 18 | B17: ERHALIE BRIAN | C17: 0726360843 | E17: 37000 | F17: 600 | G17: 200 | H17: =AUGUST!O17 -> 0 | I17: =D17+E17+F17+G17+H17 -> 37800 | J17: =3000+24000 -> 27000 | K17: UISC5897IS/UIBC56AEYS | L17: 11TH SEPT | M17: SEPTEMBER | N17: =I17-J17 -> 10800
A18: 21 | B18: SAUMU ALI | C18: 0703377571 | D18: 27000 | E18: 0 | F18: 0 | H18: 0 | I18: =D18+E18+F18+G18+H18 -> 27000 | J18: 52000 | K18: UIAAI6CU9A | L18: 10TH SEPT | M18: SEPTEMBER | N18: =I18-J18 -> -25000 | O18: OCT ENTRY
A19: 22 | B19: EMMANUEL KIBIWOTT | C19: 0720812250 | E19: 35000 | F19: 1500 | G19: 200 | H19: =AUGUST!O19 -> -5000 | I19: =D19+E19+F19+G19+H19 -> 31700 | J19: 35000 | K19: UI38J571Q2 | L19: 3RD SEPT | M19: SEPTEMBER | N19: =I19-OCTOBER!J19 -> -3300
A20: 23 | B20: ELIANE KUTU | C20: 0711 540100 | E20: 35000 | F20: 300 | G20: 200 | H20: =AUGUST!O20 -> -35000 | I20: =D20+E20+F20+G20+H20 -> 500 | M20: SEPTEMBER | N20: =I20-J20 -> 500
A21: 24 | B21: NJERI | C21: 0710124344 | D21: 37000 | E21: 0 | H21: =AUGUST!O21 -> 0 | I21: =D21+E21+F21+G21+H21 -> 37000 | J21: 10000 | K21: UIP5J882MK | L21: 25TH SEPT | M21: SEPTEMBER | N21: =I21-J21 -> 27000 | O21: OCT ENTRY
A22: 25 | B22: EUGENE SOITA | C22: 0799067590 | E22: 35000 | F22: 2100 | G22: 200 | H22: =AUGUST!O22 -> 0 | I22: =D22+E22+F22+G22+H22 -> 37300 | J22: =35000+2100 -> 37100 | K22: UI4C45R1M4/UIAC46HL2A | L22: 9/4/2026/10TH SEPT | M22: SEPTEMBER | N22: =I22-J22 -> 200
A23: 26 | B23: ABRAHAM POPOOLA | C23: 0718059969 | E23: 35000 | F23: 1650 | G23: 200 | H23: =AUGUST!O23 -> 0 | I23: =D23+E23+F23+G23+H23 -> 36850 | J23: 35000 | K23: UI1QL51KQ6 | L23: 1ST SEPT | M23: SEPTEMBER | N23: =I23-J23 -> 1850
A24: 27 | B24: KENNEDY ODHIAMBO | C24: 0748872560 | E24: 35000 | F24: 1200 | G24: 200 | H24: =AUGUST!O24 -> 0 | I24: =D24+E24+F24+G24+H24 -> 36400 | J24: 36400 | K24: UI93466EXK | M24: SEPTEMBER | N24: =I24-J24 -> 0
A25: 28 | B25: VACANT | E25: 0 | F25: 0 | H25: =AUGUST!O25 -> 0 | I25: =D25+E25+F25+G25+H25 -> 0 | M25: SEPTEMBER | N25: =I25-J25 -> 0
A26: 31 | B26: OMAR | D26: 27000 | E26: 0 | F26: 0 | H26: 0 | I26: =D26+E26+F26+G26+H26 -> 27000 | J26: =25000+10000 -> 35000 | K26: UI6DI4OIYF/UIQSI4YQYM | L26: 6TH SEPT/26TH SEPT | M26: SEPTEMBER | N26: =I26-J26 -> -8000 | O26: OCT ENTRY
A27: 32 | B27: STELLA WAMBUGU | C27: 0745355364 | E27: 0 | F27: 0 | H27: 22000 | I27: =D27+E27+F27+G27+H27 -> 22000 | M27: SEPTEMBER | N27: =I27-J27 -> 22000 | O27: OCT ENTRY
A28: 33 | B28: YVETTE | C28: 0798304890 | D28: 37000 | E28: 0 | F28: 0 | H28: 0 | I28: =D28+E28+F28+G28+H28 -> 37000 | J28: 35000 | K28: UIB2M6IVDU | L28: 11TH SEPT | M28: SEPTEMBER | N28: =I28-J28 -> 2000 | O28: OCT ENTRY
A29: 34 | B29: GODFREY OTIENO | C29: 0718492737 | D29: =35000+2000 -> 37000 | E29: 0 | F29: 0 | G29: 0 | H29: 0 | I29: =D29+E29+F29+G29+H29 -> 37000 | J29: 35000 | K29: UIABY6CL2X | L29: 10TH SEPT | M29: SEPTEMBER | N29: =I29-J29 -> 2000 | O29: OCT ENTRY
A30: 35 | B30: BENSON | C30: 0770009999 | D30: 37000 | E30: 0 | F30: 0 | H30: 0 | I30: =D30+E30+F30+G30+H30 -> 37000 | J30: 72000 | K30: UIGEU729D3 | L30: 16TH SEPT | M30: SEPTEMBER | N30: =I30-J30 -> -35000 | O30: OCT ENTRY
A31: 36 | B31: MOSES | C31: 0706784429 | D31: 37000 | E31: 0 | F31: 0 | H31: 0 | I31: =D31+E31+F31+G31+H31 -> 37000 | J31: 10000 | K31: UIB1162PV6 | L31: 11TH SEPT | M31: SEPTEMBER | N31: =I31-J31 -> 27000 | O31: OCT ENTRY
A32: 37 | B32: JAMES | C32: 0712916433 | D32: 37000 | E32: 0 | F32: 0 | H32: 0 | I32: =D32+E32+F32+G32+H32 -> 37000 | J32: 250000 | K32: UIPGI7UNTJ | L32: 25TH SEPT | M32: SEPTEMBER | N32: =I32-J32 -> -213000 | O32: OCT ENTRY
A33: 38 | B33: VACANT | E33: 0 | F33: 0 | H33: 0 | I33: =D33+E33+F33+G33+H33 -> 0 | M33: SEPTEMBER | N33: =I33-J33 -> 0
A34: Totals | D34: =SUM(D10:D33) -> 276000 | E34: =SUM(E10:E33) -> 412000 | F34: =SUM(F10:F33) -> 13650 | G34: =SUM(G10:G33) -> 2400 | H34: =SUM(H10:H33) -> -54200 | I34: =SUM(I10:I33) -> 649850 | J34: =SUM(J10:J33) -> 868400 | N34: =SUM(N10:N33) -> -218550
A35: Deductions
A36: Less Management fees | J36: =5%*J34 -> 43420
A37: TOTAL DEDUCTIONS | J37: =SUM(J36:J36) -> 43420
A38: BAL B/F | K38: Cash deposited | M38: Paid | N38: Balance
A39: AMOUNT DUE | J39: =J37 -> 43420 | N39: =J39+J38-K39-M39 -> 43420
A40: AUTHORISED BY JOSEPH GITHINJI | N40: 9/31/2026
J42: =J34/I34*100 -> 133.63084

Sheet OCTOBER
C1: LOBBY ENTERPRISES
A2: PROPERTY MANAGERS AND ESTATE AGENTS
A3: 46266
K4: P.O.BOX 11987
K5: TEL : 0722711933/4454322
A6: EUTOPIA APARTMENT | J6: Care taker | K6: MARTIN | M6: ASPEL
J7: Phone no | K7: 0714495635 | M7: 0700036034
A9: HSE NO | B9: NAME | C9: PHONE NO | D9: DEPOSIT PAID | E9: MONTHLY RENT | F9: WATER | G9: GARBAGE | H9: BAL B/D | I9: RENT DUE | J9: RENT PAID | K9: RCT NO | L9: DATE | M9: PERIOD | N9: BALANCE | O9: STATUS | P9: FORMS
A10: 11 | B10: CHRISTINE NJERI | C10: 0794656926 | F10: 750 | G10: 200 | H10: =SEPTEMBER!N10 -> 950 | I10: =D10+E10+F10+G10+H10 -> 1900 | M10: OCTOBER | N10: =I10-J10 -> 1900 | O10: VACATING
A11: 12 | B11: JOYELSIE WANGARI | C11: 0718907311 | E11: 35000 | F11: 450 | G11: 200 | H11: =SEPTEMBER!N11 -> -19500 | I11: =D11+E11+F11+G11+H11 -> 16150 | M11: OCTOBER | N11: =I11-J11 -> 16150
A12: 13 | B12: FRED ONYANGO | C12: 0700233292 | E12: 35000 | F12: 1200 | G12: 200 | H12: =SEPTEMBER!N12 -> 650 | I12: =D12+E12+F12+G12+H12 -> 37050 | M12: OCTOBER | N12: 67200
A13: 14 | B13: NICHOLAS BAHATI | C13: 0719 761013 | E13: 35000 | F13: 750 | G13: 200 | H13: =SEPTEMBER!N13 -> -13000 | I13: =D13+E13+F13+G13+H13 -> 22950 | M13: OCTOBER | N13: =I13-J13 -> 22950
A14: 15 | B14: MERCY ADHIAMBO | C14: 0724826455 | E14: 35000 | F14: 2400 | G14: 200 | H14: =SEPTEMBER!N14 -> 3300 | I14: =D14+E14+F14+G14+H14 -> 40900 | M14: OCTOBER | N14: =I14-J14 -> 40900
A15: 16 | B15: MILKA NECHESA | C15: 0757021111 | E15: 35000 | F15: 450 | G15: 200 | H15: =SEPTEMBER!N15 -> 0 | I15: =D15+E15+F15+G15+H15 -> 35650 | M15: OCTOBER | N15: =I15-J15 -> 35650
A16: 17 | B16: VACANT | H16: =SEPTEMBER!N16 -> 0 | I16: =D16+E16+F16+G16+H16 -> 0 | M16: OCTOBER | N16: =I16-J16 -> 0 | O16: BOOKING FOR OCT
A17: 18 | B17: ERHALIE BRIAN | C17: 0726360843 | E17: 37000 | F17: 2100 | G17: 200 | H17: =SEPTEMBER!N17 -> 10800 | I17: =D17+E17+F17+G17+H17 -> 50100 | J17: 11000 | K17: UJ4C593OPM | L17: 4TH OCT | M17: OCTOBER | N17: =I17-J17 -> 39100
A18: 21 | B18: GODFREY | E18: 35000 | F18: 300 | G18: 200 | H18: =SEPTEMBER!N18 -> -25000 | I18: =D18+E18+F18+G18+H18 -> 10500 | J18: 35000 | K18: UJ1BY8WIG0 | L18: 1ST OCT | M18: OCTOBER | N18: =I18-J18 -> -24500
A19: 22 | B19: EMMANUEL KIBIWOTT | C19: 0720812250/0710317252 | E19: 35000 | F19: 1200 | G19: 200 | H19: =SEPTEMBER!N19 -> -3300 | I19: =D19+E19+F19+G19+H19 -> 33100 | J19: 35000 | K19: UJ18J8J6O3 | L19: 1ST OCT | M19: OCTOBER | N19: =I19-J19 -> -1900
A20: 23 | B20: ELIANE KUTU | C20: 0711 540100 | E20: 35000 | F20: 1350 | G20: 200 | H20: =SEPTEMBER!N20 -> 500 | I20: =D20+E20+F20+G20+H20 -> 37050 | J20: 35000 | K20: UJ25M8QGSN | L20: 2ND OCT | M20: OCTOBER | N20: =I20-J20 -> 2050
A21: 24 | B21: NJERI | C21: 0710124344 | D21: 37000 | F21: 150 | G21: 0 | H21: =SEPTEMBER!N21 -> 27000 | I21: =D21+E21+F21+G21+H21 -> 64150 | M21: OCTOBER | N21: =I21-J21 -> 64150
A22: 25 | B22: EUGENE SOITA | C22: 0799067590 | E22: 35000 | F22: 1050 | G22: 200 | H22: =SEPTEMBER!N22 -> 200 | I22: =D22+E22+F22+G22+H22 -> 36450 | M22: OCTOBER | N22: =I22-J22 -> 36450
A23: 26 | B23: ABRAHAM POPOOLA | C23: 0718059969 | E23: 35000 | F23: 900 | G23: 200 | H23: =SEPTEMBER!N23 -> 1850 | I23: =D23+E23+F23+G23+H23 -> 37950 | J23: 37500 | K23: UJ5JQ89G74 | L23: 5TH OCTOBER | M23: OCTOBER | N23: =I23-J23 -> 450
A24: 27 | B24: KENNEDY ODHIAMBO | C24: 0748872560 | E24: 35000 | F24: 450 | G24: 200 | H24: =SEPTEMBER!N24 -> 0 | I24: =D24+E24+F24+G24+H24 -> 35650 | M24: OCTOBER | N24: =I24-J24 -> 35650
A25: 28 | B25: VACANT | F25: 0 | H25: =SEPTEMBER!N25 -> 0 | I25: =D25+E25+F25+G25+H25 -> 0 | M25: OCTOBER | N25: =I25-J25 -> 0
A26: 31 | B26: OMAR | C26: 0729691327 | E26: 25000 | F26: 0 | H26: =SEPTEMBER!N26 -> -8000 | I26: =D26+E26+F26+G26+H26 -> 17000 | M26: OCTOBER
A27: 32 | B27: STELLA WAMBUGU | C27: 0745355364 | E27: 35000 | F27: 0 | H27: =SEPTEMBER!N27 -> 22000 | I27: =D27+E27+F27+G27+H27 -> 57000 | M27: OCTOBER | N27: 22000 | O27: BOOKING FOR OCT
A28: 33 | B28: YVETTE | E28: 35000 | F28: 0 | H28: =SEPTEMBER!N28 -> 2000 | I28: =D28+E28+F28+G28+H28 -> 37000 | M28: OCTOBER
A29: 34 | B29: GODFREY OTIENO | C29: 0718492737 | E29: 35000 | F29: 0 | G29: 0 | H29: =SEPTEMBER!N29 -> 2000 | I29: =D29+E29+F29+G29+H29 -> 37000 | J29: 35000 | K29: UJ1BY8WIGO | L29: 1ST OCT | M29: OCTOBER | N29: =I29-J29 -> 2000 | O29: BOOKING FOR OCT
A30: 35 | B30: BENSON | C30: 0770009999 | E30: 35000 | F30: 0 | H30: =SEPTEMBER!N30 -> -35000 | I30: =D30+E30+F30+G30+H30 -> 0 | M30: OCTOBER
A31: 36 | B31: MOSES | C31: 0706784429 | E31: 35000 | F31: 0 | H31: =SEPTEMBER!N31 -> 27000 | I31: =D31+E31+F31+G31+H31 -> 62000 | J31: =60000+2000 -> 62000 | K31: UJ1kk80Z5A/UJ1KK80UX9 | L31: 1ST OCTOBER | M31: OCTOBER
A32: 37 | B32: JAMES | C32: 0712916433 | E32: 35000 | F32: 0 | H32: =SEPTEMBER!N32 -> -213000 | I32: =D32+E32+F32+G32+H32 -> -178000 | M32: OCTOBER
A33: 38 | B33: VACANT | F33: 0 | H33: =SEPTEMBER!N33 -> 0 | I33: =D33+E33+F33+G33+H33 -> 0 | M33: OCTOBER
A34: Totals | D34: =SUM(D10:D33) -> 37000 | E34: =SUM(E10:E33) -> 657000 | F34: =SUM(F10:F33) -> 13500 | G34: =SUM(G10:G33) -> 2600 | H34: =SUM(H10:H33) -> -218550 | I34: =SUM(I10:I33) -> 491550 | J34: =SUM(J10:J33) -> 250500 | N34: =SUM(N10:N33) -> 360200
A35: Deductions
A36: Less Management fees | J36: =5%*J34 -> 12525
A37: TOTAL DEDUCTIONS | J37: =SUM(J36:J36) -> 12525
A38: BAL B/F | K38: Cash deposited | M38: Paid | N38: Balance
A39: AMOUNT DUE | J39: =J37 -> 12525 | N39: =J39+J38-K39-M39 -> 12525
A40: AUTHORISED BY JOSEPH GITHINJI | N40: 9/31/2026
J42: =J34/I34*100 -> 50.961245
